{
    "benchmark_name": "KnuthMorrisPrattScenario",
    "durations": [
        14.301130944
    ],
    "max": 14.301130944,
    "mean": 14.301130944,
    "median": 14.301130944,
    "min": 14.301130944,
    "stddev": 0.0
}